variable,count,mean,std,min,25%,50%,75%,max,original
dummy1,1000.0,-0.0004391945478475335,0.007719799889208869,-0.0233824083727043,-0.00564373716867545,-0.00042506922821055,0.00497024551834845,0.0223076573920337,0.0036651095259259
dummy2,1000.0,2.9617609467600934e-05,0.011881562447436392,-0.0472361268152319,-0.008009434328155525,9.598225259921378e-06,0.008129095319583925,0.0380820195558122,0.0101272491834123
x1,1000.0,-0.06002301730735603,3.1685267449724486,-8.270614637223373,-2.0447068474816104,-0.14749119593516624,1.9407333407707914,28.202608573447225,28.202608573447225
x2,1000.0,-0.13401360165310547,8.007446887931511,-23.94649557408613,-5.546237564691005,-0.16738041394087494,5.149592200251831,75.05169294222821,75.05169294222821
x3,1000.0,0.08193717938368528,1.9211793266435953,-5.876416179672557,-1.1881974605162557,-0.05703586550801715,1.3272153333114776,17.754804331294796,17.754804331294796
